pathway,pval,padj,ES,NES,nMoreExtreme,size,leadingEdge
IMMUNOREGULATORY_INTERACTIONS_BETWEEN_A_LYMPHOID_AND_A_NON_LYMPHOID_CELL,0.000176397953783736,0.00152671491754356,0.703496707556851,3.23829843436892,0,104,HLA-F|CD8A|CD8B|SIGLEC11|ITGAL|ITGB7|CD247|HLA-C|ICAM3|HLA-B|CD3E|CD3D|KLRD1|CD300A|ITGB2|CD3G|CD300C|KLRC1|HLA-E|FCGR1A|OSCAR|LILRB1|CRTAM|HCST|IFITM1|B2M|CD96|SH2D1A|SLAMF6|SIGLEC8|CD300LF|HLA-A|LILRB4|SLAMF7|CD300E|C3|PILRA|LAIR1|JAML|LILRA3|CD40|CD33|CD1D|TYROBP|SH2D1B|SIGLEC5|SIGLEC7|KLRB1|NECTIN2|HLA-G|CD226|SIGLEC10|LILRA1|SIGLEC9|LILRB2|LILRA6|SIGLEC1|NPDC1|CLEC2B|LILRA2|MICB|FCGR3A|TREML2|VCAM1
PD_1_SIGNALING,0.00018628912071535,0.00152671491754356,0.937520971485667,3.03369101210288,0,21,PDCD1|CD247|CD3E|CD3D|LCK|CD274|CD3G|HLA-DQB1|HLA-DPA1|HLA-DPB1|PDCD1LG2|PTPN6|CD4|HLA-DRB1|HLA-DRB5|HLA-DRA|HLA-DQA2|HLA-DQA1|CSK|HLA-DQB2
GENERATION_OF_SECOND_MESSENGER_MOLECULES,0.000186219739292365,0.00152671491754356,0.814394698311489,2.89959530744076,0,31,CD247|LAT|EVL|ZAP70|CD3E|CD3D|LCK|CD3G|HLA-DQB1|HLA-DPA1|HLA-DPB1|CD4|LCP2|HLA-DRB1|HLA-DRB5|HLA-DRA|HLA-DQA2|HLA-DQA1|WAS|VASP|HLA-DQB2|FYB1|ITK|PLCG2|CD101
INTERFERON_GAMMA_SIGNALING,0.000178507675830061,0.00152671491754356,0.652018915568323,2.87574517536516,0,82,HLA-F|IRF1|GBP5|GBP2|HLA-C|HLA-B|GBP1|HLA-H|CIITA|IFNG|OASL|TRIM8|GBP4|HLA-DQB1|HLA-E|HLA-DPA1|FCGR1A|HLA-DPB1|TRIM21|PTPN6|SOCS1|HLA-DRB1|FCGR1B|SP100|B2M|IRF3|HLA-DRB5|HLA-DRA|HLA-DQA2|GBP3|HLA-DQA1|HLA-A|IRF8|IRF5|HLA-DQB2|STAT1|IRF2|PML|TRIM14|IRF7|HLA-G|TRIM22|MT2A|JAK2
INTERFERON_ALPHA_BETA_SIGNALING,0.000184026499815974,0.00152671491754356,0.693130507258559,2.81579720289849,0,55,HLA-F|IRF1|GBP2|HLA-C|HLA-B|HLA-H|PSMB8|OASL|HLA-E|PTPN6|SOCS1|ISG20|IFITM1|IRF3|HLA-A|IRF8|IRF5|STAT1|TYK2|IRF2|IRF7|XAF1|IFIT2|IFIT3|IFITM2|HLA-G|IFITM3|IFI35|SAMHD1|STAT2|OAS1|MX1|BST2|IFNAR2|OAS2|ISG15|RSAD2|JAK1|IFNAR1|IFI27
INTERLEUKIN_10_SIGNALING,0.000184399778720266,0.00152671491754356,0.68948667480544,2.61515306724729,0,40,CCL5|CCR5|CCL4|CSF1|CXCL2|IL10|CD80|TNFRSF1B|TNF|IL10RB|CCL3|TYK2|CXCL10|STAT3|CCL19|CCR2|CD86|IL10RA|IL18|IL1RN|TNFRSF1A|CCL22|PTAFR|JAK1|IL1R1|CCR1|CCL2
TCR_SIGNALING,0.000177053824362606,0.00152671491754356,0.560253370447825,2.61352550188435,0,113,PSMB10|NFKBIA|CD247|PSME1|PSMB9|LAT|EVL|ZAP70|CD3E|CD3D|LCK|PSMB8|CD3G|HLA-DQB1|INPP5D|IKBKG|PSME2|HLA-DPA1|HLA-DPB1|CD4|LCP2|HLA-DRB1|HLA-DRB5|HLA-DRA|CARD11|HLA-DQA2|HLA-DQA1|WAS|TAB2|PTPN22|CSK|UBC|VASP|PRKCQ|HLA-DQB2|FYB1|PTPRC|ITK|PLCG2|CD101|PSMF1|TRAT1|PSMB6|NFKB1
COMPLEMENT_CASCADE,0.000184060371801951,0.00152671491754356,0.635296953149301,2.57197570929076,0,54,C8G|FCN3|FCN1|SERPING1|C4B_2|C1S|CFB|C2|C1R|C1QA|C1QB|C3|CPN2|C1QC|CFHR1|GZMM|C7|CFH|F2|MASP1|COLEC10|C3AR1|MASP2|FCN2|CFP|MBL2|CFI|C5AR1|CLU|CR1|CD81|C4BPB|C5|C9|VTN|C6|C4BPA
INITIAL_TRIGGERING_OF_COMPLEMENT,0.00018628912071535,0.00152671491754356,0.788927695063628,2.55286327506986,0,21,FCN3|FCN1|C4B_2|C1S|CFB|C2|C1R|C1QA|C1QB|C3|C1QC|GZMM|MASP1|COLEC10|MASP2|FCN2|CFP|MBL2
COSTIMULATION_BY_THE_CD28_FAMILY,0.000182949140139041,0.00152671491754356,0.603228695720616,2.54998523223337,0,66,PDCD1|CD247|MAP3K14|CD3E|CD3D|LCK|CD274|CD3G|HLA-DQB1|ICOS|HLA-DPA1|HLA-DPB1|PDCD1LG2|PTPN6|CD4|HLA-DRB1|HLA-DRB5|HLA-DRA|HLA-DQA2|CD80|LYN|HLA-DQA1|CSK|HLA-DQB2|ICOSLG|VAV1|BTLA|CTLA4|CD86|MAP3K8|GRAP2|GRB2|SRC
CHEMOKINE_RECEPTORS_BIND_CHEMOKINES,0.000183587295759133,0.00152671491754356,0.65749442257324,2.54289598520706,0,44,CXCR6|CCL5|CCR5|CCL4|CXCL9|CXCR3|CXCL2|CXCL16|CXCL6|CXCL13|CCL3|CXCL10|CCR7|CCRL2|CX3CL1|CCL19|XCL2|CCR2|CXCR4|CX3CR1|CCL21|CXCL12|CCL22|XCL1|CXCL11
NEUTROPHIL_DEGRANULATION,0.000160359204618345,0.00152671491754356,0.444397467151363,2.46307679233127,0,427,PIGR|GSDMD|ITGAL|ARHGAP9|TBC1D10C|SERPINA1|HLA-C|RAB37|HLA-B|SLC27A2|CHI3L1|CD300A|ITGB2|FCN1|DIAPH1|VNN1|ANPEP|HK3|CYBA|ACAA1|PTPN6|OSCAR|VAMP8|TCIRG1|CTSH|B2M|RNASET2|FGR|CD14|METTL7A|MVP|CST3|TNFRSF1B|HLA-A|GALNS|CPPED1|ORM2|TLR2|CTSS|LRG1|UNC13D|C3|DOK3|BIN2|GMFG|LAIR1|SERPINB1|NAPRT|FTL|LILRA3|ALDH3B1|RHOG|MAN2B1|NCKAP1L|PTPRC|ERP44|CD33|ARSA|PTPRN2|TYROBP|PADI2|CD53|FUCA2|GAA|ADA2|COTL1|SIGLEC5|ADAM8|GRN|LYZ|DNASE1L1|DOCK2|ORMDL3|ADGRE5|ACTR1B|SIGLEC14|CLEC12A|AMPD3|CAPN1|GCA|NFAM1|B4GALT1|CD47|CYSTM1|GHDC|FGL2|FUCA1|TMBIM1|TRPM2|CRISPLD2|LTA4H|MMP25|ALOX5|PLAC8|SIGLEC9|PSAP|CREG1|NBEAL2|A1BG|LILRB2|GUSB|NFKB1|CTSD|HMOX2|DBNL|ATG7|TOLLIP|ITGAX|ORM1|HVCN1|CNN2|OLFM4|TOM1|IST1|PFKL|C3AR1|DPP7|CDA|LAMP1|APRT|ENPP4|PYCARD|FCER1G|IDH1|CYBB|DYNLT1|DNAJC3|GM2A|PDXK|SNAP23|GPR84|CTSC|CHIT1|ITGAM|PTAFR|CD68|BST2|CFP|GLB1|TMEM63A|JUP|YPEL5|PSMD7|DNAJC5|FTH1|SELL|TCN1|SLPI|CMTM6|NHLRC3|PLAUR|IQGAP2|TMEM179B|RAB31|RAP1A|FPR2|PNP|RAP2C|C5AR1|OSTF1|CTSB|DEFA1|RHOA|PTPRB|CR1|HSPA1A|ALAD|CTSZ|PRKCD|TMC6|GLIPR1|P2RX1|ARPC5|CTSA|PECAM1
ANTIGEN_PROCESSING_CROSS_PRESENTATION,0.000176335743255158,0.00152671491754356,0.541140926550917,2.45662567172885,0,96,PSMB10|HLA-F|PSME1|PSMB9|HLA-C|TAPBP|HLA-B|PSMB8|MYD88|IKBKG|PSME2|HLA-E|CYBA|FCGR1A|VAMP8|FCGR1B|B2M|CD14|STX4|NCF1|HLA-A|TLR2|CTSS|TAP1|UBC|TAP2|HLA-G|NCF4|PSMF1|PSMB6|NCF2|SEC61B|TLR1|PDIA3|TLR4|PSMB3|CYBB|SNAP23|TLR6|BTK|PSMD7|CALR|IKBKB
SIGNALING_BY_INTERLEUKINS,0.000162311313098523,0.00152671491754356,0.446042658968086,2.44316967081096,0,382,PSMB10|IL32|IL17RA|SOD2|NFKBIA|IL12RB1|CCL5|CCR5|FASLG|RORC|PSME1|CCL4|PSMB9|TGFB1|STXBP2|RPS6KA1|BATF|IFNG|CSF1|LCK|PSMB8|NFKBIB|IL2RB|ITGB2|MYD88|CXCL2|GATA3|INPP5D|IL18BP|PTPN7|IKBKG|PSME2|CEBPD|BCL6|IL2RG|PTK2B|PTPN6|CD4|SOCS1|SIGIRR|PIM1|IL24|IL15RA|LGALS9|EBI3|STX4|IL10|LCP1|CD80|TNFRSF1B|TNF|LYN|IL18RAP|TAB2|STAT4|IL10RB|UBC|IRAK2|IL20RA|CCL3|STAT1|TYK2|JAK3|CXCL10|AIP|PTPN18|IL21R|RORA|JUN|VAV1|BLNK|TEC|MAP2K3|IL4R|HAVCR2|IL34|IL17RC|IL15|HMOX1|STAT3|CCL19|HCK|IFNLR1|IL2RA|IL18R1|TALDO1|CCR2|ALOX5|CD86|IL10RA|PSMF1|NOD2|IL18|JAK2|HGF|PSMB6|CSF1R|NFKB1|CSF2RB|IRAK3|JUNB|IL1RN|MAP3K8|STAT2|FN1|CASP1|TOLLIP|ITGAX|STAT5B|CNN2|MAPKAPK3|TNFRSF1A|BCL2L1|VRK3|TNIP2|VAMP2|SDC1|IL16|GRB2|RELA|CCL22|OSM|VCAM1|PSMB3|IL17RE|ITGAM|PAK2|FOXO1|PTAFR|NFKB2|PSMD7|AKT1|IL27RA|IKBKB|P4HB|CISH|IL7
INTERLEUKIN_2_FAMILY_SIGNALING,0.000184162062615101,0.00152671491754356,0.649335634394905,2.40715500632452,0,36,LCK|IL2RB|INPP5D|IL2RG|PTK2B|PTPN6|IL15RA|LGALS9|STAT4|STAT1|JAK3|IL21R|HAVCR2|IL15|STAT3|IL2RA|JAK2|CSF2RB|STAT5B|GRB2
ANTIGEN_PRESENTATION_FOLDING_ASSEMBLY_AND_PEPTIDE_LOADING_OF_CLASS_I_MHC,0.000186567164179104,0.00152671491754356,0.695678121860221,2.35661169424858,0,25,HLA-F|HLA-C|TAPBP|HLA-B|ERAP1|HLA-E|B2M|HLA-A|TAP1|TAP2|HLA-G|ERAP2|PDIA3|SAR1B|CALR
DISEASES_OF_IMMUNE_SYSTEM,0.000186254423542559,0.00152671491754356,0.69846384308691,2.31550648942759,0,23,NFKBIA|MYD88|IKBKG|CD14|TLR2|TICAM1|UNC93B1|NFKB1|TLR10|TLR1|RELA|TLR4|TLR6|BTK|NFKB2|IKBKB
INTERFERON_SIGNALING,0.000172205958326158,0.00152671491754356,0.461672910263025,2.30424276137406,0,174,HLA-F|IRF1|GBP5|GBP2|HLA-C|HLA-B|GBP1|UBE2L6|HLA-H|CIITA|IFNG|PSMB8|OASL|TRIM8|GBP4|HLA-DQB1|HLA-E|HLA-DPA1|FCGR1A|HLA-DPB1|TRIM21|PTPN6|SOCS1|ISG20|UBA7|HLA-DRB1|FCGR1B|IFITM1|SP100|B2M|IRF3|HLA-DRB5|HLA-DRA|HLA-DQA2|GBP3|HLA-DQA1|HLA-A|IRF8|IRF5|UBC|HLA-DQB2|STAT1|TYK2|IRF2|PML|TRIM14|IRF7|XAF1|IFIT2|IFIT3|IFITM2|HLA-G|TRIM22|IFITM3|MT2A|JAK2|IFI35|SAMHD1|STAT2|EIF4E3|OAS1|MX1|NUP210|VCAM1|SUMO1|FLNB|EIF4E2|PTAFR|BST2|IFNAR2|GBP7|OAS2|ISG15|RSAD2|JAK1|TRIM26|IFNGR1|IFNAR1|IFI27
CASPASE_ACTIVATION_VIA_DEATH_RECEPTORS_IN_THE_PRESENCE_OF_LIGAND,0.000188253012048193,0.00152671491754356,0.780983253988618,2.29799937405912,0,15,TRADD|FASLG|CFLAR|CASP8|CD14|TICAM1|TNFRSF10A|TNFSF10|TRAF2|TLR4
CLASS_A_1_RHODOPSIN_LIKE_RECEPTORS,0.000173250173250173,0.00152671491754356,0.459890323181912,2.26059890813212,0,157,CXCR6|GPR132|CCL5|CCR5|CCL4|S1PR4|OXER1|CXCL9|GPR68|CXCR3|CXCL2|CXCL16|AGTR1|CXCL6|CNR2|PTGER4|CXCL13|C3|CCL3|LPAR5|P2RY6|GPR18|CXCL10|CCR7|GPR65|UTS2|CCRL2|CX3CL1|CCL19|SSTR2|LPAR2|XCL2|CCR2|F2|P2RY14|PSAP|CXCR4|P2RY10|CX3CR1|MCHR1|CCL21|C3AR1|CXCL12|CCL22|XCL1|NPY1R|CXCL11|PTGER2|PTAFR|AGT|CMKLR1|P2RY13|PTGIR|ACKR1|SUCNR1|P2RY1|GPR183|AVPR1A|FFAR4|FPR2|CCR1|C5AR1|CCL2|GPER1
SYNTHESIS_OF_BILE_ACIDS_AND_BILE_SALTS_VIA_7ALPHA_HYDROXYCHOLESTEROL,0.000187055742611298,0.00152671491754356,0.668460406149171,2.23554624382911,0,24,SLC27A2|HSD3B7|AKR1C4|ACOX2|ACOT8|SCP2|AKR1C3|HSD17B4|CYP7A1|RXRA|CYP27A1|CYP8B1|AKR1D1|AKR1C2|AKR1C1|NCOA1
RIPK1_MEDIATED_REGULATED_NECROSIS,0.000185942729639271,0.00152671491754356,0.68661298651741,2.19670127118845,0,20,TRADD|FASLG|MLKL|CFLAR|CASP8|RIPK3|BIRC3|UBC|TNFRSF10A|TNFSF10
CASPASE_ACTIVATION_VIA_EXTRINSIC_APOPTOTIC_SIGNALLING_PATHWAY,0.000186254423542559,0.00152671491754356,0.661956796480832,2.19448046329485,0,23,TRADD|FASLG|CFLAR|CASP8|DAPK2|CD14|TICAM1|TNFRSF10A|TNFSF10|TRAF2|TLR4|DAPK3|DAPK1|FAS|UNC5B|CASP3
DAP12_INTERACTIONS,0.000183016105417277,0.00152671491754356,0.593620919519795,2.18890805728897,0,35,HLA-C|HLA-B|LAT|KLRD1|LCK|HLA-E|LCP2|B2M|CD300E|TYROBP|PLCG2|SIGLEC14|GRAP2|GRB2|BTK
PEPTIDE_LIGAND_BINDING_RECEPTORS,0.000176242509693338,0.00152671491754356,0.476864404569916,2.16810659884689,0,97,CXCR6|CCL5|CCR5|CCL4|CXCL9|CXCR3|CXCL2|CXCL16|AGTR1|CXCL6|CXCL13|C3|CCL3|CXCL10|CCR7|UTS2|CCRL2|CX3CL1|CCL19|SSTR2|XCL2|CCR2|F2|PSAP|CXCR4|CX3CR1|MCHR1|CCL21|C3AR1|CXCL12|CCL22|XCL1|NPY1R|CXCL11|AGT|ACKR1|AVPR1A|FPR2|CCR1|C5AR1|CCL2|GPER1
INTERLEUKIN_4_AND_INTERLEUKIN_13_SIGNALING,0.000177085177970604,0.00152671491754356,0.477192143870269,2.15756824072675,0,94,FASLG|RORC|TGFB1|BATF|ITGB2|GATA3|CEBPD|BCL6|IL2RG|SOCS1|PIM1|IL10|TNFRSF1B|TNF|STAT1|TYK2|JAK3|RORA|IL4R|HMOX1|STAT3|ALOX5|IL18|JAK2|HGF|JUNB|FN1|ITGAX|BCL2L1|CCL22|OSM|VCAM1|ITGAM|FOXO1|AKT1|JAK1|RHOU|IL13RA1|CCL2
PEROXISOMAL_LIPID_METABOLISM,0.000373692077727952,0.00218523248101842,0.625878352063956,2.15349801276819,1,27,SLC27A2|ACAA1|ACOT4|NUDT7|ACOX2|ACOT8|ACBD5|SCP2|MLYCD|HSD17B4|ACBD4|HAO2|DECR2|ALDH3A2|HACL1|ECI2|CRAT|PHYH|PECR|ACOX1|ACOX3|EHHADH
INTERLEUKIN_20_FAMILY_SIGNALING,0.000187687687687688,0.00152671491754356,0.704485247710165,2.15090818062744,0,17,IL24|STAT4|IL10RB|IL20RA|STAT1|TYK2|JAK3|STAT3|IFNLR1|JAK2|STAT2|STAT5B
OTHER_INTERLEUKIN_SIGNALING,0.00018628912071535,0.00152671491754356,0.664220897248602,2.14932895084023,0,21,IL32|STXBP2|CSF1|CD4|STX4|IL10RB|TYK2|IL34|IFNLR1|CSF1R|VAMP2|SDC1|IL16
GPVI_MEDIATED_ACTIVATION_CASCADE,0.000184195984527537,0.00152671491754356,0.58778044142789,2.13168990372671,0,33,LAT|LCK|RAC2|PTPN6|LCP2|LYN|RHOG|VAV1|PLCG2|CLEC1B|RHOB|PIK3R5|FCER1G|PIK3CG|PIK3R6|PDPK1|RHOA|PRKCZ|FYN|SYK
GPCR_LIGAND_BINDING,0.000170502983802217,0.00152671491754356,0.415083889854289,2.11474012858001,0,204,CXCR6|GPR132|CCL5|CCR5|CCL4|S1PR4|OXER1|CXCL9|GPR68|CXCR3|CXCL2|CXCL16|ADGRE1|AGTR1|CXCL6|CNR2|PTGER4|CXCL13|C3|CCL3|LPAR5|P2RY6|GPR18|GNGT2|CXCL10|CCR7|GPR65|UTS2|CCRL2|ADGRE5|CX3CL1|CCL19|SSTR2|LPAR2|XCL2|CCR2|F2|P2RY14|PSAP|CXCR4|VIPR1|RAMP3|P2RY10|CX3CR1|MCHR1|CCL21|C3AR1|CXCL12|GNB5|CCL22|XCL1|NPY1R|CXCL11|ADGRE2|PTCH2|GNB2|ADM2|PTGER2|PTAFR|AGT|ADM|CMKLR1|P2RY13|PTGIR|ACKR1|FZD2|SUCNR1|P2RY1|GPR183|CRHBP|AVPR1A|FFAR4|FPR2|CCR1|C5AR1|RAMP1|CCL2|GPER1
CELL_SURFACE_INTERACTIONS_AT_THE_VASCULAR_WALL,0.000177273533061514,0.00152671491754356,0.453928964752291,2.10999204787588,0,111,SIRPG|ITGAL|CD2|TGFB1|CD74|LCK|ITGB2|INPP5D|SPN|PTPN6|SDC4|DOK2|LYN|CD244|TNFRSF10D|JAML|CD48|TNFRSF10A|SLC7A7|SELPLG|CD84|CD47|F2|F11R|SLC16A3|FN1|ITGAX|GLG1|SDC1|GRB2|PROC|SRC|FCER1G|ITGAM
PEROXISOMAL_PROTEIN_IMPORT,0.000182715147085693,0.00152671491754356,0.499027803539868,2.08308220363288,0,62,SLC27A2|PAOX|ACAA1|ACOT4|NUDT7|ACOT2|ACOX2|UBC|ECH1|ACOT8|SCP2|GSTK1|MLYCD|PIPOX|HSD17B4|DDO|DHRS4|PEX14|HAO2|HMGCL|IDH1|DECR2|HACL1|ECI2|UBB|CRAT|UBE2D1|PHYH|PECR|UBE2D2|ACOX1
C_TYPE_LECTIN_RECEPTORS_CLRS,0.000174489617867737,0.00152671491754356,0.440111084899525,2.08074102730073,0,122,PSMB10|NFKBIA|PSME1|PSMB9|ICAM3|MAP3K14|CARD9|PSMB8|IKBKG|PSME2|CASP8|CARD11|LYN|MUC20|NFATC2|TAB2|UBC|PLCG2|MUC6|NFATC3|PSMF1|PSMB6|CLEC4E|NFKB1|RELB|ITPR2|RELA|SRC|CCL22|PYCARD|FCER1G|PSMB3|PAK2|NFKB2|PSMD7|IKBKB|RAF1|ICAM2|CLEC10A|PSMC4|PDPK1|ITPR1|PAK1|MUC5B|PRKCD|MUC13|PSMA3|NFATC1|UBB|CLEC4A|PSMB1|FYN|MUC1|UBE2D1|SYK|CLEC7A|PSMD9|PSMB2|PRKACA
NICOTINATE_METABOLISM,0.000560538116591928,0.0030934697309417,0.593757853404936,2.06161079022314,2,28,PARP14|NADSYN1|PARP10|PARP9|NAPRT|CD38|NADK|NNMT|NAXD|PARP16|PARP8|CYP8B1|NMRK1|PARP4
TNF_RECEPTOR_SUPERFAMILY_TNFSF_MEMBERS_MEDIATING_NON_CANONICAL_NF_KB_PATHWAY,0.000938438438438438,0.00481768105314617,0.668295101581477,2.04041377124228,4,17,MAP3K14|TNFSF14|BIRC3|CD40|LTB|TNFSF12|TNFSF13B|TRAF2|TNFRSF11A|LTA|TRAF3|CD40LG|BIRC2
ARACHIDONIC_ACID_METABOLISM,0.000367444424030865,0.00216302284279503,0.512303668791662,2.0297409052366,1,49,FAAH2|GGT1|GGT5|PTGDS|CYP4F11|AKR1C3|LTA4H|ALOX5|GPX1|GPX2|CYP8B1|FAAH|TBXAS1|CYP4A11|PON3|CYP1A2|ALOX15B|ALOX5AP|DPEP2|MAPKAPK2|GPX4|ABCC1|PTGS1
ZBP1_DAI_MEDIATED_INDUCTION_OF_TYPE_I_IFNS,0.00148754183711417,0.00716255678131084,0.629392922303328,2.01363542439446,7,20,NFKBIA|NFKBIB|MYD88|IKBKG|RIPK3|IRF3|ZBP1|TICAM1|NFKB1|RELA|NFKB2|IKBKB
PLATELET_ACTIVATION_SIGNALING_AND_AGGREGATION,0.00016849199663016,0.00152671491754356,0.38834532996006,2.01230254527638,0,231,SERPINA1|LAT|APBB1IP|TGFB1|STXBP2|CTSW|LCK|RAC2|RASGRP2|SERPING1|TUBA4A|SERPINF2|RASGRP1|PTPN6|RARRES2|FERMT3|LCP2|STX4|ARRB2|LYN|CSK|MMRN1|ORM2|PLEK|PRKCQ|GNGT2|RHOG|TOR4A|VAV1|DGKZ|PFN1|PLCG2|MGLL|F2|PSAP|HGF|ITIH4|CLEC1B|A1BG|TMSB4X|DGKA|GNAI2|PRKCH|TLN1|DGKQ|F5|FN1|GNA15|ORM1|PHACTR2|A2M|ITPR2|SRGN|RHOB|GNB5|GRB2|PIK3R5|SRC|PDGFB|FCER1G|PRKCB|PIK3CG|GNB2|BCAR1|ABHD6|AKT1|CD9|THBS1|ABHD12|PIK3R6|RAF1|PLG|P2RY1|WDR1|RAP1A|PDPK1|ITPR1|APLP2|CLU|RHOA|PRKCD|PECAM1|SELENOP|PRKCZ|GNA14|TF|SOD1|FYN|IGF1|CDC37L1|SYK
ANTIGEN_ACTIVATES_B_CELL_RECEPTOR_BCR_LEADING_TO_GENERATION_OF_SECOND_MESSENGERS,0.000560433401830749,0.0030934697309417,0.563773663085917,1.99054853479445,2,30,PIK3AP1|PTPN6|LYN|VAV1|BLNK|PLCG2|DAPP1|ITPR2|GRB2|BTK|ORAI1|ITPR1|PIK3CD|CD79A|STIM1|FYN|SYK|SH3KBP1|CD79B|NCK1
TOLL_LIKE_RECEPTOR_4_TLR4_CASCADE,0.000175039383861369,0.00152671491754356,0.420812867599295,1.98552671899887,0,121,NFKBIA|RPS6KA1|DNM2|NFKBIB|ITGB2|MYD88|IKBKG|SOCS1|SIGIRR|CASP8|RIPK3|IRF3|CD14|TAB2|TLR2|BIRC3|UBC|IRAK2|TICAM1|JUN|MAP2K3|IRF7|PLCG2|TANK|NOD2|NFKB1|IRAK3|SARM1|MAP3K8|MAPKAPK3|VRK3|TNIP2|TLR1|IKBKE|RELA|TLR4|TLR6|BTK|LY86|ITGAM|NFKB2
FCGR3A_MEDIATED_IL10_SYNTHESIS,0.000552486187845304,0.00308762850548989,0.535234495432335,1.98417016869579,2,36,CD247|CD3G|FCGR1A|FGR|IL10|LYN|PLCG2|HCK|ADCY7|ADCY3|ITPR2|FCGR3A|SRC|ITPR1|PRKAR1B|ADCY4|FYN|SYK|PRKACA
SYNTHESIS_OF_BILE_ACIDS_AND_BILE_SALTS_VIA_27_HYDROXYCHOLESTEROL,0.00112951807228916,0.00560317111141194,0.673430652897499,1.98153188423324,5,15,HSD3B7|AKR1C4|AKR1C3|CYP7A1|RXRA|CYP27A1|CYP8B1|AKR1D1|AKR1C2|AKR1C1|NCOA1
TNFR2_NON_CANONICAL_NF_KB_PATHWAY,0.000177273533061514,0.00152671491754356,0.437538137161067,1.97959006980545,0,95,PSMB10|FASLG|CD27|PSME1|PSMB9|MAP3K14|TNFRSF9|PSMB8|PSME2|TNFSF14|TNFSF13|TNFRSF4|TNFRSF1B|TNF|BIRC3|UBC|CD40|LTB|TNFRSF8|TNFSF12|TNFSF13B|PSMF1|PSMB6|RELB|TNFRSF1A|TNFSF15|TRAF2|PSMB3|TNFRSF11A|TNFRSF13B|NFKB2|PSMD7
DDX58_IFIH1_MEDIATED_INDUCTION_OF_INTERFERON_ALPHA_BETA,0.000182949140139041,0.00152671491754356,0.471738767380593,1.97458296650574,0,63,NLRC5|NFKBIA|UBE2L6|NFKBIB|DHX58|IKBKG|CYLD|CASP8|UBA7|IRF3|TNFAIP3|UBC|IFIH1|IRF7|CASP10|TANK|NFKB1|TRAF2|IKBKE|RELA|OTUD5|RNF135|NFKB2|ATG5|IKBKB|ISG15|TKFC|AGER|UBB|RNF125|DDX58|TRAF3|UBE2D1
FATTY_ACID_METABOLISM,0.000173430454387791,0.00152671491754356,0.402082459622826,1.97384681730145,0,156,SLC27A2|ACSL5|ACAA1|ACOT4|FAAH2|NUDT7|GGT1|ACOT2|ACOX2|ACSF3|PCTP|ACOT8|GGT5|PTGDS|ACADS|ACBD5|SCP2|CYP4F11|MLYCD|AKR1C3|PRKAG2|HSD17B4|CPT2|LTA4H|MMAA|ALOX5|DBI|ACSL6|ACBD4|ACOT1|RXRA|GPX1|ACSM3|ACSL1|SLC25A20|HAO2|THEM5|HACD4|GPX2|ACSF2|CYP8B1|FAAH|DECR2|MID1IP1|ECI1|DECR1|ALDH3A2|TBXAS1|CYP4A11|PON3|CYP1A2|ALOX15B|HACL1|ACOT13|ELOVL1|ALOX5AP|FADS2|DPEP2|ECI2|MAPKAPK2|GPX4|ABCC1|ACADVL|PTGS1|CRAT|PHYH|ACAA2|CYP2C8|PECR|PCCA|THRSP|CBR4|ACAD11|MMUT|ACOX1|PRKAA2
ANTI_INFLAMMATORY_RESPONSE_FAVOURING_LEISHMANIA_PARASITE_INFECTION,0.000178571428571429,0.00152671491754356,0.44427275838943,1.9719418845133,0,85,CD247|CD3G|FCGR1A|FGR|IL10|GGT1|PTGER4|LYN|GGT5|GNGT2|PLCG2|HCK|ADCY7|MYH9|FURIN|ADCY3|VIPR1|GNAI2|RAMP3|CD163|ITPR2|GNB5|FCGR3A|SRC|GNB2|GPR84|ADM2|PTGER2|ADM|PTGIR|ITPR1|RAMP1|PRKAR1B|DPEP2|ADCY4|FYN|PTH1R|SYK|PRKACA
NUCLEOTIDE_BINDING_DOMAIN_LEUCINE_RICH_REPEAT_CONTAINING_RECEPTOR_NLR_SIGNALING_PATHWAYS,0.000184060371801951,0.00152671491754356,0.484032939529739,1.95958906586244,0,54,CARD9|PSTPIP1|IKBKG|CYLD|CASP8|TAB2|TNFAIP3|BIRC3|UBC|IRAK2|AIM2|NOD2|MAPK13|NFKB1|CASP4|CASP1|BCL2L1|RELA|MEFV|PYCARD|NLRC4|NFKB2|TXNIP|NLRP1|IKBKB
TNFS_BIND_THEIR_PHYSIOLOGICAL_RECEPTORS,0.00167910447761194,0.00797123254694271,0.578363833740489,1.95920919645815,8,25,FASLG|CD27|TNFRSF9|TNFSF14|TNFSF13|TNFRSF4|TNFRSF1B|TNFRSF8|TNFSF13B|TNFRSF1A|TNFSF15|TNFRSF13B
SIGNAL_REGULATORY_PROTEIN_FAMILY_INTERACTIONS,0.00169427710843374,0.0080002496617486,0.661808021515713,1.94733294398214,8,15,SIRPG|PTK2B|PTPN6|FYB1|TYROBP|CD47|GRB2|SRC
DAP12_SIGNALING,0.00112107623318386,0.00559271363786071,0.563964434066441,1.9404669997436,5,27,LAT|KLRD1|LCK|HLA-E|LCP2|B2M|TYROBP|PLCG2|GRAP2|GRB2|BTK
INTERLEUKIN_3_INTERLEUKIN_5_AND_GM_CSF_SIGNALING,0.000735970561177553,0.00393855760921078,0.503455846800377,1.93628784680753,3,43,IL2RB|INPP5D|IL2RG|PTPN6|LYN|UBC|JAK3|VAV1|BLNK|TEC|HCK|IL2RA|JAK2|CSF2RB|STAT5B|GRB2|JAK1|PIK3CD|RAPGEF1|UBB|STAT5A|FYN|IL3RA|SYK|PRKACA
LEISHMANIA_INFECTION,0.000173250173250173,0.00152671491754356,0.3895084744903,1.92841994479189,0,165,CD247|CYFIP2|CD3G|PSTPIP1|CYBA|FCGR1A|FGR|IL10|GGT1|PTGER4|LYN|WAS|ELMO1|C3|ARPC4|GGT5|GNGT2|ACTB|NCKAP1L|JUN|VAV1|PLCG2|HCK|ADCY7|IL18|WIPF1|MYH9|FURIN|ADCY3|NFKB1|NOXA1|VIPR1|GNAI2|RAMP3|CD163|P2RX4|ARPC3|CASP1|C3AR1|ITPR2|GNB5|GRB2|FCGR3A|RELA|SRC|MEFV|PYCARD|GNB2|BTK|GPR84|ADM2|PTGER2|NFKB2|ARPC1B|TXNIP|ADM|ACTR3|PTGIR
PURINERGIC_SIGNALING_IN_LEISHMANIASIS_INFECTION,0.00261878039655817,0.011797872908984,0.5762512559246,1.92716923670206,13,24,PSTPIP1|C3|IL18|NFKB1|P2RX4|CASP1|C3AR1|RELA|MEFV|PYCARD|NFKB2|TXNIP
FC_EPSILON_RECEPTOR_FCERI_SIGNALING,0.000174428745857317,0.00152671491754356,0.403130722598988,1.92089935885295,0,128,PSMB10|NFKBIA|PSME1|PSMB9|LAT|PSMB8|RASGRP2|IKBKG|PSME2|RASGRP1|LCP2|CARD11|LYN|NFATC2|TAB2|UBC|PRKCQ|ITK|LAT2|JUN|VAV1|TEC|PLCG2|NFATC3|PSMF1|PSMB6|NFKB1|ITPR2|GRAP2|GRB2|RELA|TXK|FCER1G|PSMB3|BTK|PAK2|PSMD7|IKBKB|PSMC4|PDPK1|ITPR1|PAK1|PSMA3|NFATC1|MS4A2|UBB|PSMB1|RASGRP4|FYN|UBE2D1|SYK|PSMD9|MAPK3|PSMB2
FCERI_MEDIATED_CA_2_MOBILIZATION,0.000931098696461825,0.00480795408757773,0.538760345751397,1.91821849235371,4,31,LAT|LCP2|LYN|NFATC2|ITK|VAV1|TEC|PLCG2|NFATC3|ITPR2|GRAP2|GRB2|TXK|FCER1G|BTK|ITPR1|NFATC1|MS4A2|SYK
INTERLEUKIN_12_FAMILY_SIGNALING,0.000735429306857878,0.00393855760921078,0.487177959537013,1.91408016051397,3,47,SOD2|IL12RB1|IFNG|PSME2|EBI3|IL10|LCP1|STAT4|STAT1|TYK2|AIP|STAT3|TALDO1|JAK2|CNN2|PAK2|IL27RA|P4HB|JAK1
TOLL_LIKE_RECEPTOR_CASCADES,0.000174398325776073,0.00152671491754356,0.390477279431973,1.89875898613931,0,147,NFKBIA|RPS6KA1|DNM2|NFKBIB|ITGB2|MYD88|IKBKG|SOCS1|SIGIRR|CASP8|RIPK3|IRF3|CD14|TAB2|TLR2|CTSS|BIRC3|UBC|IRAK2|TLR8|TICAM1|JUN|MAP2K3|IRF7|PLCG2|TANK|UNC93B1|NOD2|NFKB1|IRAK3|SARM1|MAP3K8|CNPY3|MAPKAPK3|TLR10|VRK3|TNIP2|LGMN|TLR1|IKBKE|RELA|TLR4|TLR6|BTK|LY86|ITGAM|NFKB2|IKBKB|IRAK1|RPS6KA2|CTSB|MAPKAPK2|PELI1|AGER|UBB|S100A8|TRAF3|UBE2D1|CD180|MAPK7|TLR3|MAPK3|TLR7
PLASMA_LIPOPROTEIN_ASSEMBLY_REMODELING_AND_CLEARANCE,0.000546348570387908,0.00307277571753199,0.451551229588739,1.89756336674761,2,64,NR1H3|APOBR|LSR|APOC1|APOF|LIPC|ANGPTL3|LIPA|LCAT|LIPG|FURIN|NCEH1|NR1H2|APOE|LMF2|A2M|AP2A1|SAR1B|APOA5|ANGPTL4|MBTPS1|P4HB|ABCA1|GPIHBP1|CREB3L3|CETP|NPC2|SOAT1|PRKACA|LDLRAP1|ABCG1|AP2A2|ZDHHC8|PCSK6|APOA2|HDLBP|LMF1|LPA|PLTP|AP2M1|APOA1|AP2S1
SIGNALING_BY_THE_B_CELL_RECEPTOR_BCR,0.000177304964539007,0.00152671491754356,0.409976542858488,1.89663175627293,0,108,PSMB10|PIK3AP1|NFKBIA|PSME1|PSMB9|PSMB8|NFKBIB|IKBKG|PSME2|RASGRP1|PTPN6|CARD11|LYN|NFATC2|UBC|VAV1|BLNK|PLCG2|NFATC3|PSMF1|PSMB6|NFKB1|DAPP1|ITPR2|GRB2|RELA|PRKCB|PSMB3|BTK|PSMD7|IKBKB|ORAI1|PSMC4|ITPR1|PIK3CD|CD79A|STIM1|PSMA3|NFATC1|UBB|PSMB1|FYN|SYK|NFKBIE|PSMD9|SH3KBP1|PSMB2
RIP_MEDIATED_NFKB_ACTIVATION_VIA_ZBP1,0.00337837837837838,0.0142732445364024,0.619588975830457,1.89170603795041,17,17,NFKBIA|NFKBIB|MYD88|IKBKG|RIPK3|ZBP1|TICAM1|NFKB1|RELA|NFKB2|IKBKB
SIGNALING_BY_GPCR,0.000159058374423413,0.00152671491754356,0.335674745826597,1.87841066464288,0,477,CXCR6|GPR132|CCL5|CCR5|CCL4|DHRS3|MYO7A|RPS6KA1|S1PR4|OXER1|CXCL9|GPR68|RASGRP2|CXCR3|CXCL2|RASGRP1|ARHGEF1|SDC4|RGS9|CYP4V2|CXCL16|ADGRE1|AGTR1|FGD3|ARRB2|CXCL6|CNR2|PTGER4|RGS14|CXCL13|AKR1C4|C3|PRKCQ|CCL3|GRK2|LPAR5|P2RY6|GPR18|FGD2|GNGT2|ARHGEF18|CXCL10|CCR7|ARHGEF10L|GPR65|VAV1|DGKZ|UTS2|RGS19|CCRL2|GRK6|PPP1CA|ADGRE5|CX3CL1|CCL19|AKR1C3|SSTR2|LPAR2|XCL2|MGLL|EGFR|APOM|CCR2|F2|ARHGEF6|PPP3CC|ADCY7|NET1|P2RY14|PSAP|ARHGEF3|CXCR4|DGKA|ADCY3|VIPR1|GNAI2|PLCB2|RAMP3|PRKCH|P2RY10|HSD17B6|CX3CR1|DGKQ|MCHR1|APOE|LRP10|CCL21|GNA15|BCO2|C3AR1|GRK5|ITPR2|RTP4|CXCL12|RHOB|PDE6G|RGS3|GNB5|SDC1|GRB2|PIK3R5|SRC|CCL22|LRP1|XCL1|NPY1R|CXCL11|PRKCB|ADGRE2|AKAP13|PIK3CG|PTCH2|GNB2|BTK|GPR84|ADM2|PTGER2|PTAFR|AGT|PREX1|ABHD6|PDE4A|AKT1|ADM|CMKLR1|RGS10|P2RY13|PTGIR|KALRN|ABHD12|PIK3R6|GPSM3|GPIHBP1|ACKR1|RBP4|PDE6B|FZD2|SUCNR1|P2RY1|PPP1R1B|GPR183|CRHBP|AVPR1A|FFAR4|FPR2|PDPK1|ITPR1|PAK1|CCR1|RPS6KA2|CAMK2G|C5AR1|RAMP1|REEP5|CCL2|GPER1|RHOA|PRKCD|DHRS9|GPC1|PRKAR1B|RDH10|AKR1C1|GNA14|REEP2|ADCY4|MCF2|ECE1|CAMK2D|RDH16|WNT5A|ADORA1|C5|CCR4|EDN1|PTH1R|MAPK7|PTGFR|REEP4|CAMKK2|ROCK1|ADRA1A|RGS11|REEP3|MAPK3|PRKACA
G_ALPHA_I_SIGNALLING_EVENTS,0.000167252048837598,0.00152671491754356,0.359893416613579,1.87533945142488,0,241,CXCR6|CCL5|CCR5|CCL4|DHRS3|MYO7A|S1PR4|OXER1|CXCL9|CXCR3|CXCL2|SDC4|RGS9|CYP4V2|CXCL16|CXCL6|CNR2|RGS14|CXCL13|AKR1C4|C3|PRKCQ|GRK2|LPAR5|GPR18|GNGT2|CXCL10|CCR7|RGS19|PPP1CA|CX3CL1|CCL19|AKR1C3|SSTR2|LPAR2|APOM|CCR2|PPP3CC|ADCY7|P2RY14|PSAP|CXCR4|ADCY3|GNAI2|PLCB2|HSD17B6|CX3CR1|MCHR1|APOE|LRP10|CCL21|BCO2|C3AR1|ITPR2|CXCL12|PDE6G|RGS3|GNB5|SDC1|SRC|LRP1|NPY1R|CXCL11|GNB2|AGT|PDE4A|RGS10|P2RY13|GPSM3|GPIHBP1|RBP4|PDE6B|SUCNR1|PPP1R1B|GPR183|FPR2|ITPR1|CCR1|CAMK2G|C5AR1|GPER1|PRKCD|DHRS9|GPC1|PRKAR1B|RDH10|AKR1C1|ADCY4|CAMK2D|RDH16|ADORA1|C5|CCR4
NICOTINAMIDE_SALVAGING,0.00412912912912913,0.0168797269491714,0.613646670480707,1.87356321206426,21,17,PARP14|PARP10|PARP9|NAPRT|NNMT|NAXD|PARP16|PARP8|CYP8B1|PARP4
SYNTHESIS_OF_BILE_ACIDS_AND_BILE_SALTS,0.00110517590716522,0.00554471776151643,0.516169252588204,1.87197924055359,5,33,SLC27A2|HSD3B7|AKR1C4|ACOX2|ACOT8|SCP2|AKR1C3|HSD17B4|CYP7A1|RXRA|CYP27A1|OSBPL3|OSBPL7|CYP8B1|AKR1D1|AKR1C2|AKR1C1|NCOA1|CH25H
INFLAMMASOMES,0.00371885459278542,0.0154893802142902,0.584294191413124,1.86934971844243,19,20,PSTPIP1|AIM2|NFKB1|CASP1|BCL2L1|RELA|MEFV|PYCARD|NLRC4|NFKB2|TXNIP|NLRP1
BILE_ACID_AND_BILE_SALT_METABOLISM,0.00165959800848239,0.00792121644048622,0.491789985007366,1.86530956250377,8,40,SLC27A2|HSD3B7|AKR1C4|ACOX2|ACOT8|ABCC3|SCP2|AKR1C3|HSD17B4|CYP7A1|RXRA|CYP27A1|OSBPL3|OSBPL7|CYP8B1|AKR1D1|AKR1C2|AKR1C1|NCOA1|CH25H
INTEGRIN_CELL_SURFACE_INTERACTIONS,0.000539762504498021,0.00305519417610098,0.423574023070957,1.8535443171873,2,79,ITGAL|ITGB7|ICAM3|ITGB2|ITGAD|CD47|COL18A1|F11R|COL9A2|ITGAE|FN1|ITGAX|VCAM1|ITGAM|ITGA5|THBS1|ICAM2|COL6A6|COL8A2|COL16A1|COL10A1|PECAM1|COL6A2|ITGA7|VTN|ICAM1|COL5A3|HSPG2|ITGA1|COL6A1|COL6A3|ITGA4|JAM2|ITGA6|KDR|ITGA3|VWF|COL4A4|COL5A1|TNC|COL4A2|COL13A1|COL4A3
CLEC7A_DECTIN_1_SIGNALING,0.000352671486510316,0.00208999276905107,0.405181628134508,1.83940918261792,1,96,PSMB10|NFKBIA|PSME1|PSMB9|MAP3K14|CARD9|PSMB8|IKBKG|PSME2|CASP8|CARD11|NFATC2|TAB2|UBC|PLCG2|NFATC3|PSMF1|PSMB6|NFKB1|RELB|ITPR2|RELA|SRC|CCL22|PYCARD|PSMB3|NFKB2|PSMD7|IKBKB|PSMC4|PDPK1|ITPR1|PRKCD|PSMA3|NFATC1|UBB|PSMB1|UBE2D1|SYK|CLEC7A|PSMD9|PSMB2
SMOOTH_MUSCLE_CONTRACTION,0.0014735678762203,0.00714923315770617,0.505593583655435,1.83362470355271,7,33,MYL12A|SORBS3|DYSF|MYLK|TLN1|MYL12B|LMOD1|MYL6|PAK2|MYH11|ACTA2|PAK1|ANXA6|MYL5|GUCY1A1|TPM1|MYL9|ITGA1
ACTIVATION_OF_IRF3_IRF7_MEDIATED_BY_TBK1_IKK_EPSILON,0.00601051840721262,0.0230751641459511,0.611671159182559,1.83182915975683,31,16,IRF3|CD14|UBC|TICAM1|IRF7|TANK|SARM1|IKBKE|TLR4|UBB|TRAF3
NEGATIVE_REGULATORS_OF_DDX58_IFIH1_SIGNALING,0.00183217295712715,0.00851478274285935,0.492942109360252,1.80739904076892,9,34,NLRC5|UBE2L6|CYLD|UBA7|IRF3|TNFAIP3|UBC|IFIH1|IKBKE|OTUD5|RNF135|ATG5|ISG15|UBB|RNF125|DDX58|TRAF3|UBE2D1|NLRX1|UBE2D2|ATG12|ITCH
G_ALPHA_Q_SIGNALLING_EVENTS,0.000175592625109745,0.00152671491754356,0.376488229367137,1.80603665318253,0,135,GPR132|RPS6KA1|GPR68|RASGRP2|RASGRP1|AGTR1|PRKCQ|GRK2|LPAR5|P2RY6|GNGT2|GPR65|DGKZ|UTS2|RGS19|LPAR2|XCL2|MGLL|EGFR|F2|DGKA|PLCB2|PRKCH|P2RY10|DGKQ|MCHR1|GNA15|GRK5|ITPR2|RGS3|GNB5|GRB2|XCL1|GNB2|BTK|PTAFR|AGT|ABHD6|KALRN|ABHD12|P2RY1|AVPR1A|FFAR4|FPR2|ITPR1|RPS6KA2
DEATH_RECEPTOR_SIGNALLING,0.000176211453744493,0.00152671491754356,0.373927411504694,1.79846412131078,0,138,NFKBIA|TRADD|FASLG|MYD88|IKBKG|CFLAR|CYLD|ARHGEF1|RBCK1|CASP8|FGD3|TNF|TAB2|TNFAIP3|BCL2L11|BIRC3|TRAF1|UBC|TNFRSF10D|FGD2|ARHGEF18|TNFRSF10A|ARHGEF10L|VAV1|TNFSF10|CASP10|ARHGEF6|NET1|ARHGEF3|NFKB1|BAD|PSENEN|TNFRSF1A|TRAF2|RELA|RTN4R|HDAC3|AKAP13|SPPL2A|PREX1|SMPD3|IKBKB|SPPL2B|KALRN|NGFR
SIGNALING_BY_SCF_KIT,0.00257352941176471,0.0116932346758041,0.469370172472874,1.79590337402194,13,42,LCK|PTPN6|SOCS1|LYN|STAT1|VAV1|TEC|STAT3|JAK2|FES|SH2B2|STAT5B|GRAP2|GRB2|SRC|GRAP
INTERLEUKIN_RECEPTOR_SHC_SIGNALING,0.00631970260223048,0.0238474247767928,0.545780735473479,1.78619295892965,33,22,IL2RB|INPP5D|IL2RG|PTPN6|JAK3|IL2RA|JAK2|CSF2RB|GRB2|JAK1|PIK3CD
INTERLEUKIN_1_FAMILY_SIGNALING,0.000174489617867737,0.00152671491754356,0.375441157536503,1.77499691924784,0,122,PSMB10|NFKBIA|PSME1|PSMB9|PSMB8|NFKBIB|MYD88|IL18BP|PTPN7|IKBKG|PSME2|PTPN6|SIGIRR|IL18RAP|TAB2|UBC|IRAK2|PTPN18|STAT3|IL18R1|ALOX5|PSMF1|NOD2|IL18|PSMB6|NFKB1|IRAK3|IL1RN|MAP3K8|CASP1|TOLLIP|TNIP2|RELA|PSMB3|NFKB2|PSMD7|IKBKB|PSMC4|IRAK1|IL1R1
THE_ROLE_OF_NEF_IN_HIV_1_REPLICATION_AND_DISEASE_PATHOGENESIS,0.00429745889387145,0.0174066798315986,0.509051286542346,1.76749767450562,22,28,CD8B|CD247|LCK|CD4|B2M|HLA-A|ELMO1|DOCK2|HCK|AP1G1|AP2A1|PAK2|PACS1|AP1B1|FYN|ARF1|CD28
BIOLOGICAL_OXIDATIONS,0.000172146668961956,0.00152671491754356,0.353580461933413,1.76246741981359,0,172,SULT1A1|AKR1A1|CNDP2|PAOX|GSTT1|CYP4V2|NAT1|GCLC|GGT1|GLYATL1|ADH1C|ACY3|GGT5|SULT1A2|AIP|FDX1|ADH1B|GSTK1|CES2|CES1|ALDH2|CYP4F11|FMO3|CYP7A1|ACSM2B|RXRA|NNMT|CYP2E1|CYP27A1|ALDH1A1|GSTM5|CYP2S1|MGST2|PAPSS2|MAOB|CYP2D6|SULT1B1|ADH1A|CYP8B1|MAT2B|TPST2|AKR7L|OPLAH|ACSM5|TBXAS1|CYP4A11|GSTA1|CYP1A2|NAT2|GSTZ1|AKR7A3|GSTO2|CYP2A6|COMT
CELLULAR_HEXOSE_TRANSPORT,0.00731981981981982,0.0272717337590755,0.573934064950021,1.75231416052256,38,17,SLC2A6|SLC2A10|SLC2A8|SLC2A9|SLC45A3|SLC2A14
REGULATION_OF_TNFR1_SIGNALING,0.00497329158224351,0.0197811552573019,0.480555588402151,1.74281997796279,26,33,TRADD|IKBKG|CYLD|RBCK1|CASP8|TNF|TNFAIP3|BIRC3|TRAF1|UBC|TNFRSF1A|TRAF2|SPPL2A|IKBKB|SPPL2B|SHARPIN|USP4|UBB
NOD1_2_SIGNALING_PATHWAY,0.00622254758418741,0.0235815859091737,0.470895472487212,1.7363722536968,33,35,CARD9|IKBKG|CYLD|CASP8|TAB2|TNFAIP3|BIRC3|UBC|IRAK2|NOD2|MAPK13|CASP4|CASP1
TNFR1_INDUCED_NFKAPPAB_SIGNALING_PATHWAY,0.00485708948253316,0.0194063801496687,0.490838515092287,1.73303215636155,25,30,TRADD|IKBKG|CYLD|RBCK1|TNF|TAB2|TNFAIP3|BIRC3|TRAF1|UBC|TNFRSF1A|TRAF2|IKBKB|SHARPIN|USP4|UBB
REGULATION_OF_INSULIN_LIKE_GROWTH_FACTOR_IGF_TRANSPORT_AND_UPTAKE_BY_INSULIN_LIKE_GROWTH_FACTOR_BINDING_PROTEINS_IGFBPS,0.000888730892285816,0.00463760504201681,0.375519313996803,1.73112397658757,4,106,GZMH|CP|SERPINA1|CSF1|APOL1|IGFBP3|CST3|NUCB1|FAM20C|C3|FAM20A|ITIH2|FUCA2|F2|SHISA5|F5|APOE|FN1|IGFBP4|TGOLN2|PROC|DNAJC3|APOA5|VWA1|SERPINC1|SERPIND1|MBTPS1|P4HB|BMP4|PLG
FCERI_MEDIATED_NF_KB_ACTIVATION,0.00125740973594396,0.00620275305496376,0.394984920650865,1.7254971070785,6,78,PSMB10|NFKBIA|PSME1|PSMB9|PSMB8|RASGRP2|IKBKG|PSME2|RASGRP1|CARD11|LYN|TAB2|UBC|PRKCQ|PSMF1|PSMB6|NFKB1|RELA|FCER1G|PSMB3|PSMD7|IKBKB|PSMC4|PDPK1|PSMA3|MS4A2|UBB|PSMB1|RASGRP4|UBE2D1|PSMD9|PSMB2|PSMA5|BCL10|UBE2D2
INTERLEUKIN_12_SIGNALING,0.00441176470588235,0.0177880741337631,0.450957603994805,1.71781374056294,23,41,SOD2|IL12RB1|IFNG|PSME2|IL10|LCP1|STAT4|TYK2|AIP|TALDO1|JAK2|CNN2|PAK2|P4HB|JAK1
PHASE_I_FUNCTIONALIZATION_OF_COMPOUNDS,0.000892857142857143,0.00463760504201681,0.386617779168434,1.71603542563255,4,85,PAOX|CYP4V2|ADH1C|AIP|FDX1|ADH1B|CES2|CES1|ALDH2|CYP4F11|FMO3|CYP7A1|RXRA|CYP2E1|CYP27A1|ALDH1A1|CYP2S1|MAOB|CYP2D6|ADH1A|CYP8B1|TBXAS1|CYP4A11|CYP1A2|CYP2A6|EPHX1|NCOA1|PTGS1|AHR|CYB5R3|MAOA|ADH6|CYP2C8|FMO1|CYP2C18|CYP4F12|FMO2|NR1H4|CYP3A5
MYD88_INDEPENDENT_TLR4_CASCADE,0.00141668142376483,0.00691121379659859,0.378684745233748,1.71217860574452,7,94,NFKBIA|RPS6KA1|NFKBIB|IKBKG|CASP8|RIPK3|IRF3|CD14|TAB2|BIRC3|UBC|IRAK2|TICAM1|JUN|MAP2K3|IRF7|TANK|NOD2|NFKB1|SARM1|MAP3K8|MAPKAPK3|VRK3|TNIP2|IKBKE|RELA|TLR4|NFKB2|IKBKB|IRAK1|RPS6KA2|MAPKAPK2|AGER|UBB|TRAF3|UBE2D1|MAPK7|MAPK3
TNF_SIGNALING,0.00515179392824287,0.0203456221198157,0.443222866049076,1.70463220243087,27,43,TRADD|IKBKG|CYLD|RBCK1|CASP8|TNF|TAB2|TNFAIP3|BIRC3|TRAF1|UBC|TNFRSF1A|TRAF2|SPPL2A|SMPD3|IKBKB|SPPL2B|SHARPIN|USP4
AMYLOID_FIBER_FORMATION,0.00330214639515685,0.0140859674730604,0.424972027697701,1.69878275899669,17,51,UBE2L6|B2M|CST3|SIAH2|H2AC19|UBC|SORL1|LYZ|TSPAN33|TGFBI|FURIN|ITM2B|PSENEN
RESPONSE_TO_ELEVATED_PLATELET_CYTOSOLIC_CA2,0.000872448089338684,0.00458554561241701,0.35779995306154,1.69159348047638,4,122,SERPINA1|TGFB1|STXBP2|CTSW|SERPING1|TUBA4A|SERPINF2|RARRES2|FERMT3|STX4|MMRN1|ORM2|PLEK|TOR4A|PFN1|PSAP|HGF|ITIH4|A1BG|TMSB4X|TLN1|F5|FN1|ORM1|PHACTR2|A2M|SRGN|PDGFB|PRKCB|CD9|THBS1|PLG|WDR1|APLP2|CLU|PECAM1|SELENOP|TF|SOD1|IGF1|CDC37L1|ACTN4|CFL1|FLNA|TEX264|CLEC3B
INTERLEUKIN_37_SIGNALING,0.0123387549074593,0.0419043099357177,0.534936244213601,1.68729325505559,65,19,IL18BP|PTPN7|PTPN6|SIGIRR|PTPN18|STAT3|IL18R1|CASP1
PLASMA_LIPOPROTEIN_REMODELING,0.00878176382660688,0.0321755081281903,0.484911959346145,1.68368253483037,46,28,APOF|LIPC|ANGPTL3|LCAT|LIPG|FURIN|APOE|LMF2|APOA5|ANGPTL4|MBTPS1|GPIHBP1|CREB3L3|CETP|ABCG1|PCSK6|APOA2|LMF1|LPA|PLTP|APOA1|APOC3
CARGO_CONCENTRATION_IN_THE_ER,0.0100878012329535,0.0359174535834594,0.472680375572438,1.66892015471539,53,30,SERPINA1|MIA2|LMAN2|STX5|F5|SAR1B|CTSC|PREB|CTSZ|SEC24D|LMAN2L|SEC22B|TGFA|GOSR2|SEC24A|LMAN1
GROWTH_HORMONE_RECEPTOR_SIGNALING,0.0152473038304202,0.049864330675041,0.519089707095762,1.66073907984434,81,20,PTPN6|SOCS1|LYN|STAT1|STAT3|JAK2|STAT5B|SH2B1|CISH|PRLR|STAT5A|MAPK3|PTPN1|SOCS3
TP53_REGULATES_TRANSCRIPTION_OF_CELL_DEATH_GENES,0.00790441176470588,0.0293260318833416,0.433869128377635,1.66006933809239,42,42,BID|BCL6|IGFBP3|RABGGTA|TNFRSF10D|TMEM219|TNFRSF10A|STEAP3|CASP10|TP53I3|CASP1|TP63|NDRG1|PIDD1|NLRC4|BCL2L14|TP53INP1|CASP6|FAS|BBC3|AIFM2|PPP1R13B|BAX
SUMOYLATION_OF_INTRACELLULAR_RECEPTORS,0.0136397608370703,0.045794330110772,0.471406206307306,1.63678866044152,72,28,NR1H3|AR|RORA|RXRA|NR1H2|NR5A2|SUMO1|ESR1|NR3C2|THRB|PPARG|VDR
FORMATION_OF_FIBRIN_CLOT_CLOTTING_CASCADE,0.0143202529291426,0.0475367794602743,0.452342734739715,1.62553326584977,76,32,SERPING1|TFPI|F2|F10|F5|KLKB1|A2M|PROC|SERPINC1|SERPIND1|F3|F11
BINDING_AND_UPTAKE_OF_LIGANDS_BY_SCAVENGER_RECEPTORS,0.0112132352941176,0.0388285755478662,0.42594980528001,1.62255258990718,60,41,SCARF1|APOL1|AMBP|FTL|MARCO|CD163|APOE|MASP1|LRP1|STAB1|STAB2|CALR|FTH1|MSR1|HBB|HBA2|HBA1|SCARA5|COL4A2|APOA1|SSC5D|HPR|COL3A1|COL1A1|JCHAIN|HPX|ALB
TOLL_LIKE_RECEPTOR_TLR1_TLR2_CASCADE,0.0032,0.0139192118226601,0.358422353374785,1.616268420166,17,93,NFKBIA|RPS6KA1|NFKBIB|MYD88|IKBKG|SOCS1|SIGIRR|CD14|TAB2|TLR2|UBC|IRAK2|JUN|MAP2K3|NOD2|NFKB1|IRAK3|MAP3K8|MAPKAPK3|VRK3|TNIP2|TLR1|RELA|TLR4|TLR6|BTK|NFKB2|IKBKB|IRAK1|RPS6KA2|MAPKAPK2|PELI1|AGER|UBB
ION_HOMEOSTASIS,0.0145167217934583,0.0478293482971032,0.42190974151184,1.59354886444703,78,39,ATP2B2|ATP2A3|SLC8A1|FXYD1|ABCC9|ATP1A3|ATP1A2|ITPR2|CLIC2|FKBP1B|ORAI1|PLN|ITPR1|ATP1B1|CAMK2G|STIM1|CAMK2D|PRKACA
CLASS_I_MHC_MEDIATED_ANTIGEN_PROCESSING_PRESENTATION,0.000162946064852534,0.00152671491754356,0.290498059450797,1.57630048153788,0,345,PSMB10|HLA-F|PSME1|PSMB9|HLA-C|KLHL2|TAPBP|HLA-B|UBE2L6|KBTBD8|PSMB8|ERAP1|MYD88|IKBKG|ZBTB16|PSME2|HLA-E|CYBA|FCGR1A|TRIM21|SOCS1|RBCK1|UBA7|VAMP8|FCGR1B|DTX3L|B2M|KEAP1|CD14|STX4|NCF1|SIAH2|HLA-A|TLR2|CTSS|FBXO6|FBXW4|TAP1|FBXL15|UBC|FBXO31|ZNRF2|TRIM69|RNF213|RNF34|ANAPC2|TAP2|FBXL14|HLA-G|FBXW5|UBE2F|NCF4|PSMF1|MGRN1|PSMB6|VHL|NCF2|UBE2E2|ATG7|FZR1|SEC61B|BTBD6|RNF130|TLR1|ERAP2|PDIA3|SAR1B|TLR4|PSMB3|CYBB|RNF4|RNF144B|SNAP23|TLR6|BTK|ASB13|FBXO2|CDC26|ASB8|PSMD7|TRIM41|CALR|IKBKB|HERC6|ELOB|KLHL3|LRSAM1|PSMC4
INTERLEUKIN_1_SIGNALING,0.00563976031018682,0.0219379222638544,0.346424402414254,1.57504948089665,31,97,PSMB10|NFKBIA|PSME1|PSMB9|PSMB8|NFKBIB|MYD88|IKBKG|PSME2|TAB2|UBC|IRAK2|PSMF1|NOD2|PSMB6|NFKB1|IRAK3|IL1RN|MAP3K8|TOLLIP|TNIP2|RELA|PSMB3|NFKB2|PSMD7|IKBKB|PSMC4|IRAK1|IL1R1|SQSTM1|PELI1|PSMA3|AGER|UBB|PSMB1|PSMD9|PSMB2
MUSCLE_CONTRACTION,0.00210526315789474,0.00963185164985001,0.329407110354805,1.57193576124895,11,130,DES|ATP2B2|ATP2A3|KCNK13|SLC8A1|FXYD1|MYL12A|SORBS3|DYSF|ABCC9|KCNK1|KCNQ1|MYLK|KCNK5|SCN7A|TLN1|MYL12B|ATP1A3|LMOD1|ATP1A2|ITPR2|CLIC2|MYBPC1|KCNK6|MYL6|PAK2|FKBP1B|CACNA2D2|ORAI1|PLN|KCND1|MYH11|ACTA2|ITPR1|ATP1B1|PAK1|KCNJ2|CAMK2G|ANXA6|STIM1|MYL5|KCNE3|CAMK2D|GUCY1A1|KCND3|TPM1|PRKACA|MYL9|NPR1|SCN1B
PHASE_II_CONJUGATION_OF_COMPOUNDS,0.0085729594570459,0.031541346669048,0.350050170839103,1.54806357019716,47,83,SULT1A1|AKR1A1|CNDP2|GSTT1|NAT1|GCLC|GGT1|GLYATL1|GGT5|SULT1A2|GSTK1|ACSM2B|NNMT|GSTM5|MGST2|PAPSS2|SULT1B1|MAT2B|TPST2|OPLAH|ACSM5|GSTA1|CYP1A2|NAT2|GSTZ1|GSTO2|COMT
DOWNSTREAM_SIGNALING_EVENTS_OF_B_CELL_RECEPTOR_BCR,0.0100755667506297,0.0359174535834594,0.351331222764894,1.53741248503628,55,79,PSMB10|NFKBIA|PSME1|PSMB9|PSMB8|NFKBIB|IKBKG|PSME2|RASGRP1|CARD11|NFATC2|UBC|NFATC3|PSMF1|PSMB6|NFKB1|RELA|PRKCB|PSMB3|PSMD7|IKBKB|PSMC4|PSMA3|NFATC1|UBB|PSMB1|NFKBIE|PSMD9|PSMB2
FCGAMMA_RECEPTOR_FCGR_DEPENDENT_PHAGOCYTOSIS,0.0105357142857143,0.0372189247311828,0.343833323395807,1.52613303177432,58,85,CD247|CYFIP2|CD3G|FCGR1A|FGR|LYN|WAS|ELMO1|ARPC4|ACTB|NCKAP1L|VAV1|PLCG2|HCK|WIPF1|PLD3|MYH9|ARPC3|ITPR2|GRB2|FCGR3A|SRC|PLPP4|PLPP5|PLD4|BTK|ARPC1B|ACTR3|ARPC2|PLD2|ITPR1|PAK1|PRKCD|ARPC5
PROGRAMMED_CELL_DEATH,0.00380228136882129,0.0157625091486817,0.299769584669793,1.49127404142839,21,170,PSMB10|BID|TRADD|FASLG|PSME1|PSMB9|GZMB|MLKL|PSMB8|PSME2|CFLAR|CASP8|DAPK2|RIPK3|CD14|BCL2L11|BIRC3|CASP7|UBC|PRKCQ|TICAM1|TNFRSF10A|TNFSF10|STAT3|PPP3CC|PSMF1|PLEC|PSMB6|BAD|DBNL|TP63|BCL2L1|TRAF2|TLR4|PSMB3|PAK2|PSMD7|AKT1|CARD8|DAPK3|PSMC4|BMF|DAPK1|PRKCD|ARHGAP10|PSMA3|UBB|PSMB1|CASP6|ROCK1|BMX|ADD1|PSMD9|MAPK3|PSMB2|FAS|UNC5B|BBC3|CASP3|BAK1|PPP1R13B|PSMA5|BAX
SLC_MEDIATED_TRANSMEMBRANE_TRANSPORT,0.0082389289392379,0.0304392228173517,0.28637576691563,1.43593009325897,47,180,CP|SLC2A6|SLC14A1|SLC12A7|SLC15A3|SLC8B1|SLC9A7|SLC47A1|SLC29A3|SLC6A12|SLC6A1|SLC15A2|SLC41A2|SLC43A2|SLC8A1|SLC22A3|SLC28A1|SLC1A1|SLC7A7|SLC2A10|SLCO2B1|SLC9A8|SLC24A4|SLC6A3|SLC2A8|SLC25A29|SLC2A9|SLC38A5|SLC28A3|SLC16A3|SLC1A2|SLC22A18|SLC25A18|SLCO3A1|SLC4A8|SLC45A3|SLC1A3|SLC26A11|SLC30A1|SLC40A1|SLC2A14|SLC6A6|HEPH|SLC9A5|SLC35A3|SLC22A15|SLC35C1|SLC26A9|SLC26A1|SLC1A4|SLC38A4|SLC16A2|SLC16A7|SLC22A1|ARL2BP|SLC25A22|SLC43A1|SLC18A2
EXTRACELLULAR_MATRIX_ORGANIZATION,0.0136190001660854,0.045794330110772,0.258119710795678,1.36017782524554,81,261,ITGAL|ITGB7|ICAM3|TGFB1|ITGB2|SDC4|ITGAD|CTSS|MMP7|CAPN12|NTN4|ADAM19|ADAM8|CAPN8|CAPN1|CD47|MMP25|COL18A1|F11R|PLEC|COL9A2|FURIN|CAPN15|CTSD|PHYKPL|ITGAE|FN1|ITGAX|CAPN10|KLKB1|A2M|TMPRSS6|MMP19|SDC1|EMILIN1|MFAP4|LAMB3|PDGFB|VCAM1|LTBP4|LTBP3|ITGAM|ITGA5|CAST|TLL1|P4HB|THBS1|BMP4|COL14A1|ICAM2|PLG|PPIB|COL6A6|COL8A2|TPSAB1|BGN|TNXB|CTSB|COL16A1|COL10A1|CAPNS1|LAMA3|ITGB4|PECAM1|ADAMTS2|LAMB2|EFEMP2|COL6A2|PRSS1|DCN|PSEN1|MMP15|HTRA1|ITGA7|VTN|ICAM1|COL5A3|MMP2|CASP3|ASPN|COLGALT1|HSPG2|ITGA1|COL6A1|CTSL|LOXL1|COL22A1|ELN|MMP9|PCOLCE|LAMA2|ADAMTS4|COL6A3|P3H2|ITGA4|COL17A1|LAMA5|JAM2|ITGA6|KDR|ITGA3|VWF|COL4A4|LAMC2
